"TreeID","1","2","3","4","5","6","7","8","9","10","11","12","13","14","15","16","17","18","19","20","21","22","23","24","25","26","27","28","29","30","31","32"
"101_10.0",NA,NA,NA,NA,NA,NA,NA,NA,NA,NA,73.152,73.8124,74.4728,75.1332,75.7936,76.454,NA,NA,NA,NA,NA,NA,NA,NA,NA,NA,NA,NA,NA,NA,NA,NA
"101_33.0",NA,NA,NA,NA,NA,38.862,39.6748,40.4876,41.3004,42.1132,42.926,43.5356,44.1452,44.7548,45.3644,45.974,NA,NA,NA,NA,NA,NA,NA,NA,NA,NA,NA,NA,NA,NA,NA,NA
"101_34.0",NA,NA,NA,NA,NA,27.686,28.6512,29.6164,30.5816,31.5468,32.512,33.4772,34.4424,35.4076,36.3728,37.338,NA,NA,NA,NA,NA,NA,NA,NA,NA,NA,NA,NA,NA,NA,NA,NA
"101_35.0",NA,NA,NA,NA,NA,61.976,62.5348,63.0936,63.6524,64.2112,64.77,64.7192,64.6684,64.6176,64.5668,64.516,NA,NA,NA,NA,NA,NA,NA,NA,NA,NA,NA,NA,NA,NA,NA,NA
"101_53.0",NA,NA,NA,NA,NA,56.388,56.9976,57.6072,58.2168,58.8264,59.436,59.9948,60.5536,61.1124,61.6712,62.23,NA,NA,NA,NA,NA,NA,NA,NA,NA,NA,NA,NA,NA,NA,NA,NA
"101_67.0",NA,NA,NA,NA,NA,63.754,64.1096,64.4652,64.8208,65.1764,65.532,65.7352,65.9384,66.1416,66.3448,66.548,NA,NA,NA,NA,NA,NA,NA,NA,NA,NA,NA,NA,NA,NA,NA,NA
"102_180.0",48.768,48.9204,49.0728,49.2252,49.3776,49.53,50.038,50.546,51.054,51.562,52.07,NA,NA,NA,NA,NA,NA,NA,NA,NA,NA,NA,NA,NA,NA,NA,NA,NA,NA,NA,NA,NA
"102_33.0",50.8,50.9016,51.0032,51.1048,51.2064,51.308,52.0192,52.7304,53.4416,54.1528,54.864,NA,NA,NA,NA,NA,NA,NA,NA,NA,NA,NA,NA,NA,NA,NA,NA,NA,NA,NA,NA,NA
"102_414.0",49.022,49.1236,49.2252,49.3268,49.4284,49.53,49.6824,49.8348,49.9872,50.1396,50.292,NA,NA,NA,NA,NA,NA,NA,NA,NA,NA,NA,NA,NA,NA,NA,NA,NA,NA,NA,NA,NA
"102_415.0",94.488,94.488,94.488,94.488,94.488,94.488,94.8944,95.3008,95.7072,96.1136,96.52,NA,NA,NA,NA,NA,NA,NA,NA,NA,NA,NA,NA,NA,NA,NA,NA,NA,NA,NA,NA,NA
"102_45.0",59.436,59.7408,60.0456,60.3504,60.6552,60.96,61.4172,61.8744,62.3316,62.7888,63.246,NA,NA,NA,NA,NA,NA,NA,NA,NA,NA,NA,NA,NA,NA,NA,NA,NA,NA,NA,NA,NA
"102_51.0",NA,NA,NA,NA,NA,26.67,26.8732,27.0764,27.2796,27.4828,27.686,NA,NA,NA,NA,NA,NA,NA,NA,NA,NA,NA,NA,NA,NA,NA,NA,NA,NA,NA,NA,NA
"102_52.0",47.244,47.7012,48.1584,48.6156,49.0728,49.53,50.1904,50.8508,51.5112,52.1716,52.832,NA,NA,NA,NA,NA,NA,NA,NA,NA,NA,NA,NA,NA,NA,NA,NA,NA,NA,NA,NA,NA
"102_53.0",NA,NA,NA,NA,NA,22.352,22.7076,23.0632,23.4188,23.7744,24.13,NA,NA,NA,NA,NA,NA,NA,NA,NA,NA,NA,NA,NA,NA,NA,NA,NA,NA,NA,NA,NA
"102_54.0",NA,NA,NA,NA,NA,20.32,20.5232,20.7264,20.9296,21.1328,21.336,NA,NA,NA,NA,NA,NA,NA,NA,NA,NA,NA,NA,NA,NA,NA,NA,NA,NA,NA,NA,NA
"102_65.0",75.438,75.438,75.438,75.438,75.438,75.438,75.5396,75.6412,75.7428,75.8444,75.946,NA,NA,NA,NA,NA,NA,NA,NA,NA,NA,NA,NA,NA,NA,NA,NA,NA,NA,NA,NA,NA
"102_66.0",98.806,98.9584,99.1108,99.2632,99.4156,99.568,99.9236,100.2792,100.6348,100.9904,101.346,NA,NA,NA,NA,NA,NA,NA,NA,NA,NA,NA,NA,NA,NA,NA,NA,NA,NA,NA,NA,NA
"102_67.0",94.234,94.1832,94.1324,94.0816,94.0308,93.98,93.8276,93.6752,93.5228,93.3704,93.218,NA,NA,NA,NA,NA,NA,NA,NA,NA,NA,NA,NA,NA,NA,NA,NA,NA,NA,NA,NA,NA
"102_69.0",62.992,62.9412,62.8904,62.8396,62.7888,62.738,62.9412,63.1444,63.3476,63.5508,63.754,NA,NA,NA,NA,NA,NA,NA,NA,NA,NA,NA,NA,NA,NA,NA,NA,NA,NA,NA,NA,NA
"102_70.0",93.726,93.6498,93.5736,93.4974,93.4212,93.345,93.2688,93.1926,93.1164,93.0402,92.964,NA,NA,NA,NA,NA,NA,NA,NA,NA,NA,NA,NA,NA,NA,NA,NA,NA,NA,NA,NA,NA
"102_71.0",22.352,22.5044,22.6568,22.8092,22.9616,23.114,NA,NA,NA,NA,NA,NA,NA,NA,NA,NA,NA,NA,NA,NA,NA,NA,NA,NA,NA,NA,NA,NA,NA,NA,NA,NA
"102_73.0",110.998,111.6076,112.2172,112.8268,113.4364,114.046,114.9604,115.8748,116.7892,117.7036,118.618,NA,NA,NA,NA,NA,NA,NA,NA,NA,NA,NA,NA,NA,NA,NA,NA,NA,NA,NA,NA,NA
"102_75.0",NA,NA,NA,NA,NA,22.098,22.352,22.606,22.86,23.114,23.368,NA,NA,NA,NA,NA,NA,NA,NA,NA,NA,NA,NA,NA,NA,NA,NA,NA,NA,NA,NA,NA
"102_77.0",77.724,78.0288,78.3336,78.6384,78.9432,79.248,79.4004,79.5528,79.7052,79.8576,80.01,NA,NA,NA,NA,NA,NA,NA,NA,NA,NA,NA,NA,NA,NA,NA,NA,NA,NA,NA,NA,NA
"102_81.0",96.266,96.2152,96.1644,96.1136,96.0628,96.012,96.5708,97.1296,97.6884,98.2472,98.806,NA,NA,NA,NA,NA,NA,NA,NA,NA,NA,NA,NA,NA,NA,NA,NA,NA,NA,NA,NA,NA
"102_82.0",82.296,82.3468,82.3976,82.4484,82.4992,82.55,82.6008,82.6516,82.7024,82.7532,82.804,NA,NA,NA,NA,NA,NA,NA,NA,NA,NA,NA,NA,NA,NA,NA,NA,NA,NA,NA,NA,NA
"102_83.0",76.962,77.0636,77.1652,77.2668,77.3684,77.47,77.47,77.47,77.47,77.47,77.47,NA,NA,NA,NA,NA,NA,NA,NA,NA,NA,NA,NA,NA,NA,NA,NA,NA,NA,NA,NA,NA
"102_84.0",102.108,102.4128,102.7176,103.0224,103.3272,103.632,104.0892,104.5464,105.0036,105.4608,105.918,NA,NA,NA,NA,NA,NA,NA,NA,NA,NA,NA,NA,NA,NA,NA,NA,NA,NA,NA,NA,NA
"102_85.0",74.676,74.676,74.676,74.676,74.676,74.676,74.7776,74.8792,74.9808,75.0824,75.184,NA,NA,NA,NA,NA,NA,NA,NA,NA,NA,NA,NA,NA,NA,NA,NA,NA,NA,NA,NA,NA
"102_86.0",29.718,29.8704,30.0228,30.1752,30.3276,30.48,30.7848,31.0896,31.3944,31.6992,32.004,NA,NA,NA,NA,NA,NA,NA,NA,NA,NA,NA,NA,NA,NA,NA,NA,NA,NA,NA,NA,NA
"102_90.0",105.156,105.41,105.664,105.918,106.172,106.426,106.9848,107.5436,108.1024,108.6612,109.22,NA,NA,NA,NA,NA,NA,NA,NA,NA,NA,NA,NA,NA,NA,NA,NA,NA,NA,NA,NA,NA
"102_91.0",33.02,33.0708,33.1216,33.1724,33.2232,33.274,33.4264,33.5788,33.7312,33.8836,34.036,NA,NA,NA,NA,NA,NA,NA,NA,NA,NA,NA,NA,NA,NA,NA,NA,NA,NA,NA,NA,NA
"10_193.0",113.792,114.3,114.808,115.316,115.824,116.332,116.6876,117.0432,117.3988,117.7544,118.11,NA,NA,NA,NA,NA,NA,NA,NA,NA,NA,NA,NA,NA,NA,NA,NA,NA,NA,NA,NA,NA
"10_446.0",128.524,129.032,129.54,130.048,130.556,131.064,131.4704,131.8768,132.2832,132.6896,133.096,NA,NA,NA,NA,NA,NA,NA,NA,NA,NA,NA,NA,NA,NA,NA,NA,NA,NA,NA,NA,NA
"10_47.0",NA,NA,NA,NA,NA,39.878,40.386,40.894,41.402,41.91,42.418,NA,NA,NA,NA,NA,NA,NA,NA,NA,NA,NA,NA,NA,NA,NA,NA,NA,NA,NA,NA,NA
"10_48.0",NA,NA,NA,NA,NA,31.496,32.2072,32.9184,33.6296,34.3408,35.052,NA,NA,NA,NA,NA,NA,NA,NA,NA,NA,NA,NA,NA,NA,NA,NA,NA,NA,NA,NA,NA
"10_6.0",23.114,23.4696,23.8252,24.1808,24.5364,24.892,25.3492,25.8064,26.2636,26.7208,27.178,NA,NA,NA,NA,NA,NA,NA,NA,NA,NA,NA,NA,NA,NA,NA,NA,NA,NA,NA,NA,NA
"10_84.0",39.37,39.7764,40.1828,40.5892,40.9956,41.402,41.91,42.418,42.926,43.434,43.942,NA,NA,NA,NA,NA,NA,NA,NA,NA,NA,NA,NA,NA,NA,NA,NA,NA,NA,NA,NA,NA
"10_89.0",34.544,34.8488,35.1536,35.4584,35.7632,36.068,36.4236,36.7792,37.1348,37.4904,37.846,NA,NA,NA,NA,NA,NA,NA,NA,NA,NA,NA,NA,NA,NA,NA,NA,NA,NA,NA,NA,NA
"10_90.0",110.49,110.744,110.998,111.252,111.506,111.76,112.4204,113.0808,113.7412,114.4016,115.062,NA,NA,NA,NA,NA,NA,NA,NA,NA,NA,NA,NA,NA,NA,NA,NA,NA,NA,NA,NA,NA
"10_91.0",91.948,92.1004,92.2528,92.4052,92.5576,92.71,93.1164,93.5228,93.9292,94.3356,94.742,NA,NA,NA,NA,NA,NA,NA,NA,NA,NA,NA,NA,NA,NA,NA,NA,NA,NA,NA,NA,NA
"10_92.0",124.206,124.7648,125.3236,125.8824,126.4412,127,127.2032,127.4064,127.6096,127.8128,128.016,NA,NA,NA,NA,NA,NA,NA,NA,NA,NA,NA,NA,NA,NA,NA,NA,NA,NA,NA,NA,NA
"10_95.0",35.56,35.9156,36.2712,36.6268,36.9824,37.338,37.6936,38.0492,38.4048,38.7604,39.116,NA,NA,NA,NA,NA,NA,NA,NA,NA,NA,NA,NA,NA,NA,NA,NA,NA,NA,NA,NA,NA
"119_132.0",64.262,64.5668,64.8716,65.1764,65.4812,65.786,66.1924,66.5988,67.0052,67.4116,67.818,NA,NA,NA,NA,NA,NA,NA,NA,NA,NA,NA,NA,NA,NA,NA,NA,NA,NA,NA,NA,NA
"119_31.0",50.292,50.6476,51.0032,51.3588,51.7144,52.07,52.4764,52.8828,53.2892,53.6956,54.102,NA,NA,NA,NA,NA,NA,NA,NA,NA,NA,NA,NA,NA,NA,NA,NA,NA,NA,NA,NA,NA
"119_48.0",33.528,33.8836,34.2392,34.5948,34.9504,35.306,35.7124,36.1188,36.5252,36.9316,37.338,NA,NA,NA,NA,NA,NA,NA,NA,NA,NA,NA,NA,NA,NA,NA,NA,NA,NA,NA,NA,NA
"119_50.0",NA,NA,NA,NA,NA,68.834,69.3928,69.9516,70.5104,71.0692,71.628,NA,NA,NA,NA,NA,NA,NA,NA,NA,NA,NA,NA,NA,NA,NA,NA,NA,NA,NA,NA,NA
"119_51.0",NA,NA,NA,NA,NA,55.118,55.5244,55.9308,56.3372,56.7436,57.15,NA,NA,NA,NA,NA,NA,NA,NA,NA,NA,NA,NA,NA,NA,NA,NA,NA,NA,NA,NA,NA
"119_52.0",NA,NA,NA,NA,NA,41.91,42.3164,42.7228,43.1292,43.5356,43.942,NA,NA,NA,NA,NA,NA,NA,NA,NA,NA,NA,NA,NA,NA,NA,NA,NA,NA,NA,NA,NA
"119_8.0",36.83,36.8808,36.9316,36.9824,37.0332,37.084,37.6936,38.3032,38.9128,39.5224,40.132,NA,NA,NA,NA,NA,NA,NA,NA,NA,NA,NA,NA,NA,NA,NA,NA,NA,NA,NA,NA,NA
"119_96.0",48.006,48.26,48.514,48.768,49.022,49.276,49.9364,50.5968,51.2572,51.9176,52.578,NA,NA,NA,NA,NA,NA,NA,NA,NA,NA,NA,NA,NA,NA,NA,NA,NA,NA,NA,NA,NA
"119_97.0",59.182,59.5376,59.8932,60.2488,60.6044,60.96,61.3664,61.7728,62.1792,62.5856,62.992,NA,NA,NA,NA,NA,NA,NA,NA,NA,NA,NA,NA,NA,NA,NA,NA,NA,NA,NA,NA,NA
"119_98.0",43.18,43.2816,43.3832,43.4848,43.5864,43.688,43.9928,44.2976,44.6024,44.9072,45.212,NA,NA,NA,NA,NA,NA,NA,NA,NA,NA,NA,NA,NA,NA,NA,NA,NA,NA,NA,NA,NA
"120_19.0",NA,NA,NA,NA,NA,83.566,83.82,84.074,84.328,84.582,84.836,84.9884,85.1408,85.2932,85.4456,85.598,NA,NA,NA,NA,NA,NA,NA,NA,NA,NA,NA,NA,NA,NA,NA,NA
"120_27.0",NA,NA,NA,NA,NA,84.074,83.82,83.566,83.312,83.058,82.804,83.0072,83.2104,83.4136,83.6168,83.82,NA,NA,NA,NA,NA,NA,NA,NA,NA,NA,NA,NA,NA,NA,NA,NA
"120_28.0",NA,NA,NA,NA,NA,60.96,60.9092,60.8584,60.8076,60.7568,60.706,60.6552,60.6044,60.5536,60.5028,60.452,NA,NA,NA,NA,NA,NA,NA,NA,NA,NA,NA,NA,NA,NA,NA,NA
"120_29.0",NA,NA,NA,NA,NA,87.884,87.9348,87.9856,88.0364,88.0872,88.138,88.3412,88.5444,88.7476,88.9508,89.154,NA,NA,NA,NA,NA,NA,NA,NA,NA,NA,NA,NA,NA,NA,NA,NA
"120_31.0",NA,NA,NA,NA,NA,60.198,60.3504,60.5028,60.6552,60.8076,60.96,61.1632,61.3664,61.5696,61.7728,61.976,NA,NA,NA,NA,NA,NA,NA,NA,NA,NA,NA,NA,NA,NA,NA,NA
"120_32.0",NA,NA,NA,NA,NA,68.834,68.9864,69.1388,69.2912,69.4436,69.596,69.7992,70.0024,70.2056,70.4088,70.612,NA,NA,NA,NA,NA,NA,NA,NA,NA,NA,NA,NA,NA,NA,NA,NA
"120_562.0",NA,NA,NA,NA,NA,76.708,76.8096,76.9112,77.0128,77.1144,77.216,77.5716,77.9272,78.2828,78.6384,78.994,NA,NA,NA,NA,NA,NA,NA,NA,NA,NA,NA,NA,NA,NA,NA,NA
"120_590.0",NA,NA,NA,NA,NA,36.068,36.3728,36.6776,36.9824,37.2872,37.592,38.2016,38.8112,39.4208,40.0304,40.64,NA,NA,NA,NA,NA,NA,NA,NA,NA,NA,NA,NA,NA,NA,NA,NA
"120_63.0",NA,NA,NA,NA,NA,NA,NA,NA,NA,NA,16.256,16.4084,16.5608,16.7132,16.8656,17.018,NA,NA,NA,NA,NA,NA,NA,NA,NA,NA,NA,NA,NA,NA,NA,NA
"120_64.0",NA,NA,NA,NA,NA,NA,NA,NA,NA,NA,17.272,17.4752,17.6784,17.8816,18.0848,18.288,NA,NA,NA,NA,NA,NA,NA,NA,NA,NA,NA,NA,NA,NA,NA,NA
"122_20.0",NA,NA,NA,NA,NA,27.178,27.3304,27.4828,27.6352,27.7876,27.94,28.0924,28.2448,28.3972,28.5496,28.702,NA,NA,NA,NA,NA,NA,NA,NA,NA,NA,NA,NA,NA,NA,NA,NA
"122_21.0",NA,NA,NA,NA,NA,51.816,52.2732,52.7304,53.1876,53.6448,54.102,54.6608,55.2196,55.7784,56.3372,56.896,NA,NA,NA,NA,NA,NA,NA,NA,NA,NA,NA,NA,NA,NA,NA,NA
"122_22.0",NA,NA,NA,NA,NA,42.164,42.4688,42.7736,43.0784,43.3832,43.688,44.0436,44.3992,44.7548,45.1104,45.466,NA,NA,NA,NA,NA,NA,NA,NA,NA,NA,NA,NA,NA,NA,NA,NA
"122_23.0",NA,NA,NA,NA,NA,34.544,34.798,35.052,35.306,35.56,35.814,35.9156,36.0172,36.1188,36.2204,36.322,NA,NA,NA,NA,NA,NA,NA,NA,NA,NA,NA,NA,NA,NA,NA,NA
"122_24.0",NA,NA,NA,NA,NA,120.142,120.396,120.65,120.904,121.158,121.412,121.8692,122.3264,122.7836,123.2408,123.698,NA,NA,NA,NA,NA,NA,NA,NA,NA,NA,NA,NA,NA,NA,NA,NA
"122_25.0",NA,NA,NA,NA,NA,93.726,93.8276,93.9292,94.0308,94.1324,94.234,94.3864,94.5388,94.6912,94.8436,94.996,NA,NA,NA,NA,NA,NA,NA,NA,NA,NA,NA,NA,NA,NA,NA,NA
"122_27.0",NA,NA,NA,NA,NA,34.036,34.3408,34.6456,34.9504,35.2552,35.56,35.9156,36.2712,36.6268,36.9824,37.338,NA,NA,NA,NA,NA,NA,NA,NA,NA,NA,NA,NA,NA,NA,NA,NA
"122_279.0",NA,NA,NA,NA,NA,35.052,35.3568,35.6616,35.9664,36.2712,36.576,37.1856,37.7952,38.4048,39.0144,39.624,NA,NA,NA,NA,NA,NA,NA,NA,NA,NA,NA,NA,NA,NA,NA,NA
"122_28.0",NA,NA,NA,NA,NA,16.002,16.002,16.002,16.002,16.002,16.002,16.0528,16.1036,16.1544,16.2052,16.256,NA,NA,NA,NA,NA,NA,NA,NA,NA,NA,NA,NA,NA,NA,NA,NA
"122_402.0",NA,NA,NA,NA,NA,36.322,36.576,36.83,37.084,37.338,37.592,NA,NA,NA,NA,NA,NA,NA,NA,NA,NA,NA,NA,NA,NA,NA,NA,NA,NA,NA,NA,NA
"122_467.0",NA,NA,NA,NA,NA,33.782,34.2392,34.6964,35.1536,35.6108,36.068,36.5252,36.9824,37.4396,37.8968,38.354,NA,NA,NA,NA,NA,NA,NA,NA,NA,NA,NA,NA,NA,NA,NA,NA
"122_6.0",NA,NA,NA,NA,NA,54.102,54.356,54.61,54.864,55.118,55.372,55.7784,56.1848,56.5912,56.9976,57.404,NA,NA,NA,NA,NA,NA,NA,NA,NA,NA,NA,NA,NA,NA,NA,NA
"122_7.0",NA,NA,NA,NA,NA,55.118,55.5752,56.0324,56.4896,56.9468,57.404,57.658,57.912,58.166,58.42,58.674,NA,NA,NA,NA,NA,NA,NA,NA,NA,NA,NA,NA,NA,NA,NA,NA
"122_8.0",NA,NA,NA,NA,NA,36.322,36.6776,37.0332,37.3888,37.7444,38.1,38.5572,39.0144,39.4716,39.9288,40.386,NA,NA,NA,NA,NA,NA,NA,NA,NA,NA,NA,NA,NA,NA,NA,NA
"122_81.0",NA,NA,NA,NA,NA,42.672,43.3832,44.0944,44.8056,45.5168,46.228,46.3804,46.5328,46.6852,46.8376,46.99,NA,NA,NA,NA,NA,NA,NA,NA,NA,NA,NA,NA,NA,NA,NA,NA
"122_9.0",NA,NA,NA,NA,NA,43.688,44.0944,44.5008,44.9072,45.3136,45.72,46.1772,46.6344,47.0916,47.5488,48.006,NA,NA,NA,NA,NA,NA,NA,NA,NA,NA,NA,NA,NA,NA,NA,NA
"123_1.0",NA,NA,NA,NA,NA,27.432,27.686,27.94,28.194,28.448,28.702,28.9052,29.1084,29.3116,29.5148,29.718,NA,NA,NA,NA,NA,NA,NA,NA,NA,NA,NA,NA,NA,NA,NA,NA
"123_2.0",NA,NA,NA,NA,NA,29.21,29.6164,30.0228,30.4292,30.8356,31.242,31.4452,31.6484,31.8516,32.0548,32.258,NA,NA,NA,NA,NA,NA,NA,NA,NA,NA,NA,NA,NA,NA,NA,NA
"123_3.0",NA,NA,NA,NA,NA,25.908,26.162,26.416,26.67,26.924,27.178,27.4828,27.7876,28.0924,28.3972,28.702,NA,NA,NA,NA,NA,NA,NA,NA,NA,NA,NA,NA,NA,NA,NA,NA
"123_339.0",NA,NA,NA,NA,NA,NA,NA,NA,NA,NA,30.48,30.8356,31.1912,31.5468,31.9024,32.258,NA,NA,NA,NA,NA,NA,NA,NA,NA,NA,NA,NA,NA,NA,NA,NA
"123_342.0",NA,NA,NA,NA,NA,NA,NA,NA,NA,NA,32.258,32.7152,33.1724,33.6296,34.0868,34.544,NA,NA,NA,NA,NA,NA,NA,NA,NA,NA,NA,NA,NA,NA,NA,NA
"123_35.0",NA,NA,NA,NA,NA,47.498,47.9044,48.3108,48.7172,49.1236,49.53,49.9872,50.4444,50.9016,51.3588,51.816,NA,NA,NA,NA,NA,NA,NA,NA,NA,NA,NA,NA,NA,NA,NA,NA
"123_4.0",NA,NA,NA,NA,NA,17.526,17.8816,18.2372,18.5928,18.9484,19.304,19.558,19.812,20.066,20.32,20.574,NA,NA,NA,NA,NA,NA,NA,NA,NA,NA,NA,NA,NA,NA,NA,NA
"123_499.0",NA,NA,NA,NA,NA,34.29,34.6456,35.0012,35.3568,35.7124,36.068,36.4744,36.8808,37.2872,37.6936,38.1,NA,NA,NA,NA,NA,NA,NA,NA,NA,NA,NA,NA,NA,NA,NA,NA
"123_53.0",NA,NA,NA,NA,NA,48.768,49.6316,50.4952,51.3588,52.2224,53.086,53.5432,54.0004,54.4576,54.9148,55.372,NA,NA,NA,NA,NA,NA,NA,NA,NA,NA,NA,NA,NA,NA,NA,NA
"123_54.0",NA,NA,NA,NA,NA,52.07,52.4764,52.8828,53.2892,53.6956,54.102,54.4068,54.7116,55.0164,55.3212,55.626,NA,NA,NA,NA,NA,NA,NA,NA,NA,NA,NA,NA,NA,NA,NA,NA
"123_55.0",NA,NA,NA,NA,NA,53.594,53.848,54.102,54.356,54.61,54.864,55.2196,55.5752,55.9308,56.2864,56.642,NA,NA,NA,NA,NA,NA,NA,NA,NA,NA,NA,NA,NA,NA,NA,NA
"123_56.0",NA,NA,NA,NA,NA,41.148,41.402,41.656,41.91,42.164,42.418,42.8752,43.3324,43.7896,44.2468,44.704,NA,NA,NA,NA,NA,NA,NA,NA,NA,NA,NA,NA,NA,NA,NA,NA
"123_57.0",NA,NA,NA,NA,NA,38.608,39.0652,39.5224,39.9796,40.4368,40.894,41.3004,41.7068,42.1132,42.5196,42.926,NA,NA,NA,NA,NA,NA,NA,NA,NA,NA,NA,NA,NA,NA,NA,NA
"123_59.0",NA,NA,NA,NA,NA,51.562,52.07,52.578,53.086,53.594,54.102,54.5084,54.9148,55.3212,55.7276,56.134,NA,NA,NA,NA,NA,NA,NA,NA,NA,NA,NA,NA,NA,NA,NA,NA
"123_60.0",NA,NA,NA,NA,NA,47.752,48.4124,49.0728,49.7332,50.3936,51.054,51.2572,51.4604,51.6636,51.8668,52.07,NA,NA,NA,NA,NA,NA,NA,NA,NA,NA,NA,NA,NA,NA,NA,NA
"123_62.0",NA,NA,NA,NA,NA,45.212,45.8216,46.4312,47.0408,47.6504,48.26,48.9204,49.5808,50.2412,50.9016,51.562,NA,NA,NA,NA,NA,NA,NA,NA,NA,NA,NA,NA,NA,NA,NA,NA
"123_87.0",NA,NA,NA,NA,NA,NA,NA,NA,NA,NA,33.02,33.4772,33.9344,34.3916,34.8488,35.306,NA,NA,NA,NA,NA,NA,NA,NA,NA,NA,NA,NA,NA,NA,NA,NA
"124_26.0",NA,NA,NA,NA,NA,20.32,20.7264,21.1328,21.5392,21.9456,22.352,22.7076,23.0632,23.4188,23.7744,24.13,NA,NA,NA,NA,NA,NA,NA,NA,NA,NA,NA,NA,NA,NA,NA,NA
"124_277.0",NA,NA,NA,NA,NA,50.546,51.1556,51.7652,52.3748,52.9844,53.594,54.2036,54.8132,55.4228,56.0324,56.642,NA,NA,NA,NA,NA,NA,NA,NA,NA,NA,NA,NA,NA,NA,NA,NA
"124_453.0",NA,NA,NA,NA,NA,70.104,70.7644,71.4248,72.0852,72.7456,73.406,74.0156,74.6252,75.2348,75.8444,76.454,NA,NA,NA,NA,NA,NA,NA,NA,NA,NA,NA,NA,NA,NA,NA,NA
"124_468.0",NA,NA,NA,NA,NA,71.882,72.8472,73.8124,74.7776,75.7428,76.708,76.5556,76.4032,76.2508,76.0984,75.946,NA,NA,NA,NA,NA,NA,NA,NA,NA,NA,NA,NA,NA,NA,NA,NA
"124_51.0",NA,NA,NA,NA,NA,79.756,80.2132,80.6704,81.1276,81.5848,82.042,82.4484,82.8548,83.2612,83.6676,84.074,NA,NA,NA,NA,NA,NA,NA,NA,NA,NA,NA,NA,NA,NA,NA,NA
"124_52.0",NA,NA,NA,NA,NA,71.628,72.136,72.644,73.152,73.66,74.168,74.422,74.676,74.93,75.184,75.438,NA,NA,NA,NA,NA,NA,NA,NA,NA,NA,NA,NA,NA,NA,NA,NA
"124_57.0",NA,NA,NA,NA,NA,87.122,88.1888,89.2556,90.3224,91.3892,92.456,93.472,94.488,95.504,96.52,97.536,NA,NA,NA,NA,NA,NA,NA,NA,NA,NA,NA,NA,NA,NA,NA,NA
"124_62.0",NA,NA,NA,NA,NA,97.536,98.044,98.552,99.06,99.568,100.076,100.5332,100.9904,101.4476,101.9048,102.362,NA,NA,NA,NA,NA,NA,NA,NA,NA,NA,NA,NA,NA,NA,NA,NA
"124_63.0",NA,NA,NA,NA,NA,NA,NA,NA,NA,NA,17.018,17.4244,17.8308,18.2372,18.6436,19.05,NA,NA,NA,NA,NA,NA,NA,NA,NA,NA,NA,NA,NA,NA,NA,NA
"124_67.0",NA,NA,NA,NA,NA,NA,NA,NA,NA,NA,37.084,37.5412,37.9984,38.4556,38.9128,39.37,NA,NA,NA,NA,NA,NA,NA,NA,NA,NA,NA,NA,NA,NA,NA,NA
"124_88.0",NA,NA,NA,NA,NA,73.914,74.168,74.422,74.676,74.93,75.184,75.5396,75.8952,76.2508,76.6064,76.962,NA,NA,NA,NA,NA,NA,NA,NA,NA,NA,NA,NA,NA,NA,NA,NA
"124_89.0",NA,NA,NA,NA,NA,72.898,73.152,73.406,73.66,73.914,74.168,74.4728,74.7776,75.0824,75.3872,75.692,NA,NA,NA,NA,NA,NA,NA,NA,NA,NA,NA,NA,NA,NA,NA,NA
"125_45.0",NA,NA,NA,NA,NA,34.29,34.6964,35.1028,35.5092,35.9156,36.322,36.8808,37.4396,37.9984,38.5572,39.116,NA,NA,NA,NA,NA,NA,NA,NA,NA,NA,NA,NA,NA,NA,NA,NA
"125_46.0",NA,NA,NA,NA,NA,30.734,31.3436,31.9532,32.5628,33.1724,33.782,34.1376,34.4932,34.8488,35.2044,35.56,NA,NA,NA,NA,NA,NA,NA,NA,NA,NA,NA,NA,NA,NA,NA,NA
"125_47.0",NA,NA,NA,NA,NA,44.704,45.5168,46.3296,47.1424,47.9552,48.768,49.276,49.784,50.292,50.8,51.308,NA,NA,NA,NA,NA,NA,NA,NA,NA,NA,NA,NA,NA,NA,NA,NA
"125_51.0",NA,NA,NA,NA,NA,71.12,72.0852,73.0504,74.0156,74.9808,75.946,76.6572,77.3684,78.0796,78.7908,79.502,NA,NA,NA,NA,NA,NA,NA,NA,NA,NA,NA,NA,NA,NA,NA,NA
"126_185.0",NA,NA,NA,NA,NA,NA,NA,NA,NA,NA,43.942,44.9072,45.8724,46.8376,47.8028,48.768,NA,NA,NA,NA,NA,NA,NA,NA,NA,NA,NA,NA,NA,NA,NA,NA
"126_186.0",NA,NA,NA,NA,NA,NA,NA,NA,NA,NA,58.42,59.182,59.944,60.706,61.468,62.23,NA,NA,NA,NA,NA,NA,NA,NA,NA,NA,NA,NA,NA,NA,NA,NA
"126_187.0",NA,NA,NA,NA,NA,NA,NA,NA,NA,NA,32.258,32.6136,32.9692,33.3248,33.6804,34.036,NA,NA,NA,NA,NA,NA,NA,NA,NA,NA,NA,NA,NA,NA,NA,NA
"126_188.0",NA,NA,NA,NA,NA,NA,NA,NA,NA,NA,97.79,98.1456,98.5012,98.8568,99.2124,99.568,NA,NA,NA,NA,NA,NA,NA,NA,NA,NA,NA,NA,NA,NA,NA,NA
"126_29.0",NA,NA,NA,NA,NA,25.654,26.4668,27.2796,28.0924,28.9052,29.718,NA,NA,NA,NA,NA,NA,NA,NA,NA,NA,NA,NA,NA,NA,NA,NA,NA,NA,NA,NA,NA
"126_30.0",NA,NA,NA,NA,NA,58.42,59.2328,60.0456,60.8584,61.6712,62.484,63.0936,63.7032,64.3128,64.9224,65.532,NA,NA,NA,NA,NA,NA,NA,NA,NA,NA,NA,NA,NA,NA,NA,NA
"126_32.0",NA,NA,NA,NA,NA,68.072,68.834,69.596,70.358,71.12,71.882,72.898,73.914,74.93,75.946,76.962,NA,NA,NA,NA,NA,NA,NA,NA,NA,NA,NA,NA,NA,NA,NA,NA
"126_340.0",NA,NA,NA,NA,NA,55.372,56.4896,57.6072,58.7248,59.8424,60.96,61.1632,61.3664,61.5696,61.7728,61.976,NA,NA,NA,NA,NA,NA,NA,NA,NA,NA,NA,NA,NA,NA,NA,NA
"126_48.0",NA,NA,NA,NA,NA,80.518,80.6704,80.8228,80.9752,81.1276,81.28,82.042,82.804,83.566,84.328,85.09,NA,NA,NA,NA,NA,NA,NA,NA,NA,NA,NA,NA,NA,NA,NA,NA
"126_49.0",NA,NA,NA,NA,NA,76.2,77.3176,78.4352,79.5528,80.6704,81.788,82.296,82.804,83.312,83.82,84.328,NA,NA,NA,NA,NA,NA,NA,NA,NA,NA,NA,NA,NA,NA,NA,NA
"126_50.0",NA,NA,NA,NA,NA,20.32,20.8788,21.4376,21.9964,22.5552,23.114,23.622,24.13,24.638,25.146,25.654,NA,NA,NA,NA,NA,NA,NA,NA,NA,NA,NA,NA,NA,NA,NA,NA
"126_51.0",NA,NA,NA,NA,NA,NA,NA,NA,NA,NA,17.526,18.1356,18.7452,19.3548,19.9644,20.574,NA,NA,NA,NA,NA,NA,NA,NA,NA,NA,NA,NA,NA,NA,NA,NA
"126_52.0",NA,NA,NA,NA,NA,19.304,20.1676,21.0312,21.8948,22.7584,23.622,24.4856,25.3492,26.2128,27.0764,27.94,NA,NA,NA,NA,NA,NA,NA,NA,NA,NA,NA,NA,NA,NA,NA,NA
"126_53.0",NA,NA,NA,NA,NA,38.354,38.862,39.37,39.878,40.386,40.894,41.6052,42.3164,43.0276,43.7388,44.45,NA,NA,NA,NA,NA,NA,NA,NA,NA,NA,NA,NA,NA,NA,NA,NA
"126_54.0",NA,NA,NA,NA,NA,50.8,51.4096,52.0192,52.6288,53.2384,53.848,54.6608,55.4736,56.2864,57.0992,57.912,NA,NA,NA,NA,NA,NA,NA,NA,NA,NA,NA,NA,NA,NA,NA,NA
"126_55.0",NA,NA,NA,NA,NA,33.528,33.9852,34.4424,34.8996,35.3568,35.814,36.3728,36.9316,37.4904,38.0492,38.608,NA,NA,NA,NA,NA,NA,NA,NA,NA,NA,NA,NA,NA,NA,NA,NA
"130_158.0",35.56,36.1188,36.6776,37.2364,37.7952,38.354,38.8112,39.2684,39.7256,40.1828,40.64,NA,NA,NA,NA,NA,NA,NA,NA,NA,NA,NA,NA,NA,NA,NA,NA,NA,NA,NA,NA,NA
"130_176.0",56.896,57.15,57.404,57.658,57.912,58.166,58.42,58.674,58.928,59.182,59.436,NA,NA,NA,NA,NA,NA,NA,NA,NA,NA,NA,NA,NA,NA,NA,NA,NA,NA,NA,NA,NA
"130_177.0",15.24,15.6464,16.0528,16.4592,16.8656,17.272,17.5768,17.8816,18.1864,18.4912,18.796,NA,NA,NA,NA,NA,NA,NA,NA,NA,NA,NA,NA,NA,NA,NA,NA,NA,NA,NA,NA,NA
"130_270.0",82.55,83.312,84.074,84.836,85.598,86.36,86.5632,86.7664,86.9696,87.1728,87.376,NA,NA,NA,NA,NA,NA,NA,NA,NA,NA,NA,NA,NA,NA,NA,NA,NA,NA,NA,NA,NA
"130_34.0",85.09,85.6996,86.3092,86.9188,87.5284,88.138,88.6968,89.2556,89.8144,90.3732,90.932,NA,NA,NA,NA,NA,NA,NA,NA,NA,NA,NA,NA,NA,NA,NA,NA,NA,NA,NA,NA,NA
"130_59.0",113.792,113.6904,113.5888,113.4872,113.3856,113.284,113.6396,113.9952,114.3508,114.7064,115.062,NA,NA,NA,NA,NA,NA,NA,NA,NA,NA,NA,NA,NA,NA,NA,NA,NA,NA,NA,NA,NA
"130_60.0",96.52,97.0788,97.6376,98.1964,98.7552,99.314,99.7712,100.2284,100.6856,101.1428,101.6,NA,NA,NA,NA,NA,NA,NA,NA,NA,NA,NA,NA,NA,NA,NA,NA,NA,NA,NA,NA,NA
"130_64.0",117.348,117.8052,118.2624,118.7196,119.1768,119.634,120.0404,120.4468,120.8532,121.2596,121.666,NA,NA,NA,NA,NA,NA,NA,NA,NA,NA,NA,NA,NA,NA,NA,NA,NA,NA,NA,NA,NA
"130_65.0",110.49,110.7948,111.0996,111.4044,111.7092,112.014,112.4204,112.8268,113.2332,113.6396,114.046,NA,NA,NA,NA,NA,NA,NA,NA,NA,NA,NA,NA,NA,NA,NA,NA,NA,NA,NA,NA,NA
"130_66.0",109.982,110.3884,110.7948,111.2012,111.6076,112.014,112.522,113.03,113.538,114.046,114.554,NA,NA,NA,NA,NA,NA,NA,NA,NA,NA,NA,NA,NA,NA,NA,NA,NA,NA,NA,NA,NA
"130_67.0",98.552,99.5172,100.4824,101.4476,102.4128,103.378,103.8352,104.2924,104.7496,105.2068,105.664,NA,NA,NA,NA,NA,NA,NA,NA,NA,NA,NA,NA,NA,NA,NA,NA,NA,NA,NA,NA,NA
"130_68.0",64.77,65.4812,66.1924,66.9036,67.6148,68.326,68.7832,69.2404,69.6976,70.1548,70.612,NA,NA,NA,NA,NA,NA,NA,NA,NA,NA,NA,NA,NA,NA,NA,NA,NA,NA,NA,NA,NA
"130_69.0",101.6,101.9556,102.3112,102.6668,103.0224,103.378,103.7844,104.1908,104.5972,105.0036,105.41,NA,NA,NA,NA,NA,NA,NA,NA,NA,NA,NA,NA,NA,NA,NA,NA,NA,NA,NA,NA,NA
"130_71.0",80.01,80.6704,81.3308,81.9912,82.6516,83.312,83.7184,84.1248,84.5312,84.9376,85.344,NA,NA,NA,NA,NA,NA,NA,NA,NA,NA,NA,NA,NA,NA,NA,NA,NA,NA,NA,NA,NA
"130_72.0",37.338,37.7952,38.2524,38.7096,39.1668,39.624,39.878,40.132,40.386,40.64,40.894,NA,NA,NA,NA,NA,NA,NA,NA,NA,NA,NA,NA,NA,NA,NA,NA,NA,NA,NA,NA,NA
"130_73.0",119.888,121.2596,122.6312,124.0028,125.3744,126.746,127.254,127.762,128.27,128.778,129.286,NA,NA,NA,NA,NA,NA,NA,NA,NA,NA,NA,NA,NA,NA,NA,NA,NA,NA,NA,NA,NA
"130_74.0",141.478,141.7828,142.0876,142.3924,142.6972,143.002,143.51,144.018,144.526,145.034,145.542,NA,NA,NA,NA,NA,NA,NA,NA,NA,NA,NA,NA,NA,NA,NA,NA,NA,NA,NA,NA,NA
"130_75.0",113.284,113.5888,113.8936,114.1984,114.5032,114.808,115.1128,115.4176,115.7224,116.0272,116.332,NA,NA,NA,NA,NA,NA,NA,NA,NA,NA,NA,NA,NA,NA,NA,NA,NA,NA,NA,NA,NA
"150_77.0",NA,NA,NA,NA,NA,83.82,84.4804,85.1408,85.8012,86.4616,87.122,87.8332,88.5444,89.2556,89.9668,90.678,NA,NA,NA,NA,NA,NA,NA,NA,NA,NA,NA,NA,NA,NA,NA,NA
"150_78.0",NA,NA,NA,NA,NA,42.418,42.9768,43.5356,44.0944,44.6532,45.212,45.8216,46.4312,47.0408,47.6504,48.26,NA,NA,NA,NA,NA,NA,NA,NA,NA,NA,NA,NA,NA,NA,NA,NA
"150_79.0",NA,NA,NA,NA,NA,35.052,35.56,36.068,36.576,37.084,37.592,38.0492,38.5064,38.9636,39.4208,39.878,NA,NA,NA,NA,NA,NA,NA,NA,NA,NA,NA,NA,NA,NA,NA,NA
"150_80.0",NA,NA,NA,NA,NA,68.834,69.2404,69.6468,70.0532,70.4596,70.866,71.2724,71.6788,72.0852,72.4916,72.898,NA,NA,NA,NA,NA,NA,NA,NA,NA,NA,NA,NA,NA,NA,NA,NA
"150_83.0",NA,NA,NA,NA,NA,47.498,48.2092,48.9204,49.6316,50.3428,51.054,51.562,52.07,52.578,53.086,53.594,NA,NA,NA,NA,NA,NA,NA,NA,NA,NA,NA,NA,NA,NA,NA,NA
"150_84.0",NA,NA,NA,NA,NA,56.134,56.7436,57.3532,57.9628,58.5724,59.182,59.7916,60.4012,61.0108,61.6204,62.23,NA,NA,NA,NA,NA,NA,NA,NA,NA,NA,NA,NA,NA,NA,NA,NA
"156_1.0",NA,NA,NA,NA,NA,NA,NA,NA,NA,NA,53.848,54.2544,54.6608,55.0672,55.4736,55.88,NA,NA,NA,NA,NA,NA,NA,NA,NA,NA,NA,NA,NA,NA,NA,NA
"156_10.0",NA,NA,NA,NA,NA,NA,NA,NA,NA,NA,18.288,18.4912,18.6944,18.8976,19.1008,19.304,NA,NA,NA,NA,NA,NA,NA,NA,NA,NA,NA,NA,NA,NA,NA,NA
"156_15.0",NA,NA,NA,NA,NA,NA,NA,NA,NA,NA,51.054,51.3588,51.6636,51.9684,52.2732,52.578,NA,NA,NA,NA,NA,NA,NA,NA,NA,NA,NA,NA,NA,NA,NA,NA
"156_3.0",NA,NA,NA,NA,NA,NA,NA,NA,NA,NA,112.268,112.5728,112.8776,113.1824,113.4872,113.792,NA,NA,NA,NA,NA,NA,NA,NA,NA,NA,NA,NA,NA,NA,NA,NA
"156_560.0",NA,NA,NA,NA,NA,NA,NA,NA,NA,NA,64.516,65.0748,65.6336,66.1924,66.7512,67.31,NA,NA,NA,NA,NA,NA,NA,NA,NA,NA,NA,NA,NA,NA,NA,NA
"156_59.0",NA,NA,NA,NA,NA,NA,NA,NA,NA,NA,61.468,61.8744,62.2808,62.6872,63.0936,63.5,NA,NA,NA,NA,NA,NA,NA,NA,NA,NA,NA,NA,NA,NA,NA,NA
"156_7.0",NA,NA,NA,NA,NA,NA,NA,NA,NA,NA,84.074,84.3788,84.6836,84.9884,85.2932,85.598,NA,NA,NA,NA,NA,NA,NA,NA,NA,NA,NA,NA,NA,NA,NA,NA
"156_84.0",NA,NA,NA,NA,NA,NA,NA,NA,NA,NA,26.162,26.5176,26.8732,27.2288,27.5844,27.94,NA,NA,NA,NA,NA,NA,NA,NA,NA,NA,NA,NA,NA,NA,NA,NA
"159_111.0",NA,NA,NA,NA,NA,NA,NA,NA,NA,NA,55.626,55.88,56.134,56.388,56.642,56.896,NA,NA,NA,NA,NA,NA,NA,NA,NA,NA,NA,NA,NA,NA,NA,NA
"159_144.0",NA,NA,NA,NA,NA,47.498,48.2092,48.9204,49.6316,50.3428,51.054,51.7144,52.3748,53.0352,53.6956,54.356,NA,NA,NA,NA,NA,NA,NA,NA,NA,NA,NA,NA,NA,NA,NA,NA
"159_145.0",NA,NA,NA,NA,NA,81.534,81.9404,82.3468,82.7532,83.1596,83.566,84.074,84.582,85.09,85.598,86.106,NA,NA,NA,NA,NA,NA,NA,NA,NA,NA,NA,NA,NA,NA,NA,NA
"159_148.0",NA,NA,NA,NA,NA,49.022,49.3776,49.7332,50.0888,50.4444,50.8,51.2064,51.6128,52.0192,52.4256,52.832,NA,NA,NA,NA,NA,NA,NA,NA,NA,NA,NA,NA,NA,NA,NA,NA
"159_16.0",NA,NA,NA,NA,NA,19.558,19.812,20.066,20.32,20.574,20.828,20.828,20.828,20.828,20.828,20.828,NA,NA,NA,NA,NA,NA,NA,NA,NA,NA,NA,NA,NA,NA,NA,NA
"159_38.0",NA,NA,NA,NA,NA,76.2,76.7588,77.3176,77.8764,78.4352,78.994,79.5528,80.1116,80.6704,81.2292,81.788,NA,NA,NA,NA,NA,NA,NA,NA,NA,NA,NA,NA,NA,NA,NA,NA
"159_39.0",NA,NA,NA,NA,NA,54.864,55.118,55.372,55.626,55.88,56.134,56.388,56.642,56.896,57.15,57.404,NA,NA,NA,NA,NA,NA,NA,NA,NA,NA,NA,NA,NA,NA,NA,NA
"159_42.0",NA,NA,NA,NA,NA,53.34,53.594,53.848,54.102,54.356,54.61,54.7116,54.8132,54.9148,55.0164,55.118,NA,NA,NA,NA,NA,NA,NA,NA,NA,NA,NA,NA,NA,NA,NA,NA
"159_43.0",NA,NA,NA,NA,NA,41.148,41.402,41.656,41.91,42.164,42.418,42.5196,42.6212,42.7228,42.8244,42.926,NA,NA,NA,NA,NA,NA,NA,NA,NA,NA,NA,NA,NA,NA,NA,NA
"159_49.0",NA,NA,NA,NA,NA,119.38,119.0752,118.7704,118.4656,118.1608,117.856,118.11,118.364,118.618,118.872,119.126,NA,NA,NA,NA,NA,NA,NA,NA,NA,NA,NA,NA,NA,NA,NA,NA
"159_50.0",NA,NA,NA,NA,NA,54.356,54.8132,55.2704,55.7276,56.1848,56.642,57.404,58.166,58.928,59.69,60.452,NA,NA,NA,NA,NA,NA,NA,NA,NA,NA,NA,NA,NA,NA,NA,NA
"159_51.0",NA,NA,NA,NA,NA,61.214,61.5188,61.8236,62.1284,62.4332,62.738,NA,NA,NA,NA,NA,NA,NA,NA,NA,NA,NA,NA,NA,NA,NA,NA,NA,NA,NA,NA,NA
"159_53.0",NA,NA,NA,NA,NA,49.022,49.784,50.546,51.308,52.07,52.832,53.6448,54.4576,55.2704,56.0832,56.896,NA,NA,NA,NA,NA,NA,NA,NA,NA,NA,NA,NA,NA,NA,NA,NA
"159_7.0",NA,NA,NA,NA,NA,24.892,24.9936,25.0952,25.1968,25.2984,25.4,25.5524,25.7048,25.8572,26.0096,26.162,NA,NA,NA,NA,NA,NA,NA,NA,NA,NA,NA,NA,NA,NA,NA,NA
"159_859.0",NA,NA,NA,NA,NA,54.356,55.118,55.88,56.642,57.404,58.166,57.9628,57.7596,57.5564,57.3532,57.15,NA,NA,NA,NA,NA,NA,NA,NA,NA,NA,NA,NA,NA,NA,NA,NA
"159_860.0",NA,NA,NA,NA,NA,31.242,31.8008,32.3596,32.9184,33.4772,34.036,34.4424,34.8488,35.2552,35.6616,36.068,NA,NA,NA,NA,NA,NA,NA,NA,NA,NA,NA,NA,NA,NA,NA,NA
"159_861.0",NA,NA,NA,NA,NA,36.576,36.9316,37.2872,37.6428,37.9984,38.354,38.6588,38.9636,39.2684,39.5732,39.878,NA,NA,NA,NA,NA,NA,NA,NA,NA,NA,NA,NA,NA,NA,NA,NA
"159_97.0",NA,NA,NA,NA,NA,41.148,41.5036,41.8592,42.2148,42.5704,42.926,43.3832,43.8404,44.2976,44.7548,45.212,NA,NA,NA,NA,NA,NA,NA,NA,NA,NA,NA,NA,NA,NA,NA,NA
"181_124.0",NA,NA,NA,NA,NA,NA,NA,NA,NA,NA,94.234,94.3356,94.4372,94.5388,94.6404,94.742,NA,NA,NA,NA,NA,NA,NA,NA,NA,NA,NA,NA,NA,NA,NA,NA
"181_13.0",NA,NA,NA,NA,NA,NA,NA,NA,NA,NA,93.98,94.1324,94.2848,94.4372,94.5896,94.742,NA,NA,NA,NA,NA,NA,NA,NA,NA,NA,NA,NA,NA,NA,NA,NA
"181_17.0",NA,NA,NA,NA,NA,NA,NA,NA,NA,NA,87.376,87.7824,88.1888,88.5952,89.0016,89.408,NA,NA,NA,NA,NA,NA,NA,NA,NA,NA,NA,NA,NA,NA,NA,NA
"181_19.0",NA,NA,NA,NA,NA,NA,NA,NA,NA,NA,64.262,64.262,64.262,64.262,64.262,64.262,NA,NA,NA,NA,NA,NA,NA,NA,NA,NA,NA,NA,NA,NA,NA,NA
"181_30.0",NA,NA,NA,NA,NA,NA,NA,NA,NA,NA,80.518,80.8736,81.2292,81.5848,81.9404,82.296,NA,NA,NA,NA,NA,NA,NA,NA,NA,NA,NA,NA,NA,NA,NA,NA
"181_33.0",NA,NA,NA,NA,NA,NA,NA,NA,NA,NA,71.12,71.5772,72.0344,72.4916,72.9488,73.406,NA,NA,NA,NA,NA,NA,NA,NA,NA,NA,NA,NA,NA,NA,NA,NA
"181_39.0",NA,NA,NA,NA,NA,NA,NA,NA,NA,NA,88.646,89.662,90.678,91.694,92.71,93.726,NA,NA,NA,NA,NA,NA,NA,NA,NA,NA,NA,NA,NA,NA,NA,NA
"181_41.0",NA,NA,NA,NA,NA,NA,NA,NA,NA,NA,64.516,64.9224,65.3288,65.7352,66.1416,66.548,NA,NA,NA,NA,NA,NA,NA,NA,NA,NA,NA,NA,NA,NA,NA,NA
"181_427.0",NA,NA,NA,NA,NA,NA,NA,NA,NA,NA,98.552,99.1616,99.7712,100.3808,100.9904,101.6,NA,NA,NA,NA,NA,NA,NA,NA,NA,NA,NA,NA,NA,NA,NA,NA
"181_459.0",NA,NA,NA,NA,NA,NA,NA,NA,NA,NA,39.624,40.132,40.64,41.148,41.656,42.164,NA,NA,NA,NA,NA,NA,NA,NA,NA,NA,NA,NA,NA,NA,NA,NA
"181_460.0",NA,NA,NA,NA,NA,NA,NA,NA,NA,NA,35.56,36.2712,36.9824,37.6936,38.4048,39.116,NA,NA,NA,NA,NA,NA,NA,NA,NA,NA,NA,NA,NA,NA,NA,NA
"181_50.0",NA,NA,NA,NA,NA,NA,NA,NA,NA,NA,126.746,127.4572,128.1684,128.8796,129.5908,130.302,NA,NA,NA,NA,NA,NA,NA,NA,NA,NA,NA,NA,NA,NA,NA,NA
"181_74.0",NA,NA,NA,NA,NA,NA,NA,NA,NA,NA,105.41,105.6132,105.8164,106.0196,106.2228,106.426,NA,NA,NA,NA,NA,NA,NA,NA,NA,NA,NA,NA,NA,NA,NA,NA
"190_100.0",65.278,65.8876,66.4972,67.1068,67.7164,68.326,68.7324,69.1388,69.5452,69.9516,70.358,NA,NA,NA,NA,NA,NA,NA,NA,NA,NA,NA,NA,NA,NA,NA,NA,NA,NA,NA,NA,NA
"190_168.0",39.37,39.5732,39.7764,39.9796,40.1828,40.386,40.64,40.894,41.148,41.402,41.656,NA,NA,NA,NA,NA,NA,NA,NA,NA,NA,NA,NA,NA,NA,NA,NA,NA,NA,NA,NA,NA
"190_169.0",34.29,34.6964,35.1028,35.5092,35.9156,36.322,36.1188,35.9156,35.7124,35.5092,35.306,NA,NA,NA,NA,NA,NA,NA,NA,NA,NA,NA,NA,NA,NA,NA,NA,NA,NA,NA,NA,NA
"190_482.0",45.974,46.4312,46.8884,47.3456,47.8028,48.26,48.8188,49.3776,49.9364,50.4952,51.054,NA,NA,NA,NA,NA,NA,NA,NA,NA,NA,NA,NA,NA,NA,NA,NA,NA,NA,NA,NA,NA
"190_60.0",NA,NA,NA,NA,NA,38.1,38.3032,38.5064,38.7096,38.9128,39.116,NA,NA,NA,NA,NA,NA,NA,NA,NA,NA,NA,NA,NA,NA,NA,NA,NA,NA,NA,NA,NA
"190_61.0",42.418,42.3672,42.3164,42.2656,42.2148,42.164,NA,NA,NA,NA,NA,NA,NA,NA,NA,NA,NA,NA,NA,NA,NA,NA,NA,NA,NA,NA,NA,NA,NA,NA,NA,NA
"190_62.0",64.008,64.1604,64.3128,64.4652,64.6176,64.77,65.4304,66.0908,66.7512,67.4116,68.072,NA,NA,NA,NA,NA,NA,NA,NA,NA,NA,NA,NA,NA,NA,NA,NA,NA,NA,NA,NA,NA
"190_63.0",50.546,51.1048,51.6636,52.2224,52.7812,53.34,53.8988,54.4576,55.0164,55.5752,56.134,NA,NA,NA,NA,NA,NA,NA,NA,NA,NA,NA,NA,NA,NA,NA,NA,NA,NA,NA,NA,NA
"190_64.0",61.214,61.5188,61.8236,62.1284,62.4332,62.738,63.1952,63.6524,64.1096,64.5668,65.024,NA,NA,NA,NA,NA,NA,NA,NA,NA,NA,NA,NA,NA,NA,NA,NA,NA,NA,NA,NA,NA
"190_65.0",67.818,68.4784,69.1388,69.7992,70.4596,71.12,71.5772,72.0344,72.4916,72.9488,73.406,NA,NA,NA,NA,NA,NA,NA,NA,NA,NA,NA,NA,NA,NA,NA,NA,NA,NA,NA,NA,NA
"190_66.0",84.328,85.1916,86.0552,86.9188,87.7824,88.646,89.2556,89.8652,90.4748,91.0844,91.694,NA,NA,NA,NA,NA,NA,NA,NA,NA,NA,NA,NA,NA,NA,NA,NA,NA,NA,NA,NA,NA
"190_67.0",65.024,65.278,65.532,65.786,66.04,66.294,66.8528,67.4116,67.9704,68.5292,69.088,NA,NA,NA,NA,NA,NA,NA,NA,NA,NA,NA,NA,NA,NA,NA,NA,NA,NA,NA,NA,NA
"190_80.0",NA,NA,NA,NA,NA,66.548,66.9544,67.3608,67.7672,68.1736,68.58,NA,NA,NA,NA,NA,NA,NA,NA,NA,NA,NA,NA,NA,NA,NA,NA,NA,NA,NA,NA,NA
"190_81.0",NA,NA,NA,NA,NA,29.21,29.2608,29.3116,29.3624,29.4132,29.464,NA,NA,NA,NA,NA,NA,NA,NA,NA,NA,NA,NA,NA,NA,NA,NA,NA,NA,NA,NA,NA
"190_90.0",63.754,64.4652,65.1764,65.8876,66.5988,67.31,67.818,68.326,68.834,69.342,69.85,NA,NA,NA,NA,NA,NA,NA,NA,NA,NA,NA,NA,NA,NA,NA,NA,NA,NA,NA,NA,NA
"190_91.0",102.616,103.378,104.14,104.902,105.664,106.426,106.5276,106.6292,106.7308,106.8324,106.934,NA,NA,NA,NA,NA,NA,NA,NA,NA,NA,NA,NA,NA,NA,NA,NA,NA,NA,NA,NA,NA
"190_92.0",73.914,74.422,74.93,75.438,75.946,76.454,76.708,76.962,77.216,77.47,77.724,NA,NA,NA,NA,NA,NA,NA,NA,NA,NA,NA,NA,NA,NA,NA,NA,NA,NA,NA,NA,NA
"190_93.0",57.912,58.42,58.928,59.436,59.944,60.452,60.8076,61.1632,61.5188,61.8744,62.23,NA,NA,NA,NA,NA,NA,NA,NA,NA,NA,NA,NA,NA,NA,NA,NA,NA,NA,NA,NA,NA
"190_96.0",57.912,58.3692,58.8264,59.2836,59.7408,60.198,60.5028,60.8076,61.1124,61.4172,61.722,NA,NA,NA,NA,NA,NA,NA,NA,NA,NA,NA,NA,NA,NA,NA,NA,NA,NA,NA,NA,NA
"190_97.0",56.896,57.3532,57.8104,58.2676,58.7248,59.182,59.7408,60.2996,60.8584,61.4172,61.976,NA,NA,NA,NA,NA,NA,NA,NA,NA,NA,NA,NA,NA,NA,NA,NA,NA,NA,NA,NA,NA
"22_1.0",27.178,27.3812,27.5844,27.7876,27.9908,28.194,28.4988,28.8036,29.1084,29.4132,29.718,NA,NA,NA,NA,NA,NA,NA,NA,NA,NA,NA,NA,NA,NA,NA,NA,NA,NA,NA,NA,NA
"22_14.0",16.51,16.51,16.51,16.51,16.51,16.51,16.5608,16.6116,16.6624,16.7132,16.764,NA,NA,NA,NA,NA,NA,NA,NA,NA,NA,NA,NA,NA,NA,NA,NA,NA,NA,NA,NA,NA
"22_197.0",70.612,70.866,71.12,71.374,71.628,71.882,71.9328,71.9836,72.0344,72.0852,72.136,NA,NA,NA,NA,NA,NA,NA,NA,NA,NA,NA,NA,NA,NA,NA,NA,NA,NA,NA,NA,NA
"22_2.0",23.876,23.9776,24.0792,24.1808,24.2824,24.384,24.638,24.892,25.146,25.4,25.654,NA,NA,NA,NA,NA,NA,NA,NA,NA,NA,NA,NA,NA,NA,NA,NA,NA,NA,NA,NA,NA
"22_37.0",25.4,25.5016,25.6032,25.7048,25.8064,25.908,26.0096,26.1112,26.2128,26.3144,26.416,NA,NA,NA,NA,NA,NA,NA,NA,NA,NA,NA,NA,NA,NA,NA,NA,NA,NA,NA,NA,NA
"22_395.0",57.912,58.2168,58.5216,58.8264,59.1312,59.436,59.3852,59.3344,59.2836,59.2328,59.182,NA,NA,NA,NA,NA,NA,NA,NA,NA,NA,NA,NA,NA,NA,NA,NA,NA,NA,NA,NA,NA
"22_4.0",40.894,41.3512,41.8084,42.2656,42.7228,43.18,43.688,44.196,44.704,45.212,45.72,NA,NA,NA,NA,NA,NA,NA,NA,NA,NA,NA,NA,NA,NA,NA,NA,NA,NA,NA,NA,NA
"22_47.0",109.728,109.982,110.236,110.49,110.744,110.998,111.4044,111.8108,112.2172,112.6236,113.03,NA,NA,NA,NA,NA,NA,NA,NA,NA,NA,NA,NA,NA,NA,NA,NA,NA,NA,NA,NA,NA
"22_5.0",39.116,39.5224,39.9288,40.3352,40.7416,41.148,41.6052,42.0624,42.5196,42.9768,43.434,NA,NA,NA,NA,NA,NA,NA,NA,NA,NA,NA,NA,NA,NA,NA,NA,NA,NA,NA,NA,NA
"22_51.0",42.926,43.2308,43.5356,43.8404,44.1452,44.45,44.9072,45.3644,45.8216,46.2788,46.736,NA,NA,NA,NA,NA,NA,NA,NA,NA,NA,NA,NA,NA,NA,NA,NA,NA,NA,NA,NA,NA
"22_6.0",27.432,27.6352,27.8384,28.0416,28.2448,28.448,28.702,28.956,29.21,29.464,29.718,NA,NA,NA,NA,NA,NA,NA,NA,NA,NA,NA,NA,NA,NA,NA,NA,NA,NA,NA,NA,NA
"22_64.0",NA,NA,NA,NA,NA,44.196,45.0596,45.9232,46.7868,47.6504,48.514,NA,NA,NA,NA,NA,NA,NA,NA,NA,NA,NA,NA,NA,NA,NA,NA,NA,NA,NA,NA,NA
"22_65.0",NA,NA,NA,NA,NA,17.018,17.1196,17.2212,17.3228,17.4244,17.526,NA,NA,NA,NA,NA,NA,NA,NA,NA,NA,NA,NA,NA,NA,NA,NA,NA,NA,NA,NA,NA
"22_67.0",28.448,28.6512,28.8544,29.0576,29.2608,29.464,29.5656,29.6672,29.7688,29.8704,29.972,NA,NA,NA,NA,NA,NA,NA,NA,NA,NA,NA,NA,NA,NA,NA,NA,NA,NA,NA,NA,NA
"22_68.0",41.148,41.8592,42.5704,43.2816,43.9928,44.704,45.5168,46.3296,47.1424,47.9552,48.768,NA,NA,NA,NA,NA,NA,NA,NA,NA,NA,NA,NA,NA,NA,NA,NA,NA,NA,NA,NA,NA
"22_69.0",26.924,27.178,27.432,27.686,27.94,28.194,28.448,28.702,28.956,29.21,29.464,NA,NA,NA,NA,NA,NA,NA,NA,NA,NA,NA,NA,NA,NA,NA,NA,NA,NA,NA,NA,NA
"22_8.0",40.386,40.6908,40.9956,41.3004,41.6052,41.91,42.3164,42.7228,43.1292,43.5356,43.942,NA,NA,NA,NA,NA,NA,NA,NA,NA,NA,NA,NA,NA,NA,NA,NA,NA,NA,NA,NA,NA
"22_80.0",53.594,54.4068,55.2196,56.0324,56.8452,57.658,58.4708,59.2836,60.0964,60.9092,61.722,NA,NA,NA,NA,NA,NA,NA,NA,NA,NA,NA,NA,NA,NA,NA,NA,NA,NA,NA,NA,NA
"22_81.0",51.562,52.1716,52.7812,53.3908,54.0004,54.61,55.118,55.626,56.134,56.642,57.15,NA,NA,NA,NA,NA,NA,NA,NA,NA,NA,NA,NA,NA,NA,NA,NA,NA,NA,NA,NA,NA
"22_84.0",59.944,60.2996,60.6552,61.0108,61.3664,61.722,62.5348,63.3476,64.1604,64.9732,65.786,NA,NA,NA,NA,NA,NA,NA,NA,NA,NA,NA,NA,NA,NA,NA,NA,NA,NA,NA,NA,NA
"22_94.0",75.184,75.9968,76.8096,77.6224,78.4352,79.248,79.3496,79.4512,79.5528,79.6544,79.756,NA,NA,NA,NA,NA,NA,NA,NA,NA,NA,NA,NA,NA,NA,NA,NA,NA,NA,NA,NA,NA
"22_96.0",54.61,54.102,53.594,53.086,52.578,52.07,52.1716,52.2732,52.3748,52.4764,52.578,NA,NA,NA,NA,NA,NA,NA,NA,NA,NA,NA,NA,NA,NA,NA,NA,NA,NA,NA,NA,NA
"23_38.0",99.822,100.2284,100.6348,101.0412,101.4476,101.854,102.0064,102.1588,102.3112,102.4636,102.616,NA,NA,NA,NA,NA,NA,NA,NA,NA,NA,NA,NA,NA,NA,NA,NA,NA,NA,NA,NA,NA
"23_39.0",33.02,33.3248,33.6296,33.9344,34.2392,34.544,34.9504,35.3568,35.7632,36.1696,36.576,NA,NA,NA,NA,NA,NA,NA,NA,NA,NA,NA,NA,NA,NA,NA,NA,NA,NA,NA,NA,NA
"23_40.0",39.878,40.4876,41.0972,41.7068,42.3164,42.926,43.434,43.942,44.45,44.958,45.466,NA,NA,NA,NA,NA,NA,NA,NA,NA,NA,NA,NA,NA,NA,NA,NA,NA,NA,NA,NA,NA
"23_41.0",23.114,23.368,23.622,23.876,24.13,24.384,24.5872,24.7904,24.9936,25.1968,25.4,NA,NA,NA,NA,NA,NA,NA,NA,NA,NA,NA,NA,NA,NA,NA,NA,NA,NA,NA,NA,NA
"23_42.0",48.768,49.3268,49.8856,50.4444,51.0032,51.562,52.2732,52.9844,53.6956,54.4068,55.118,NA,NA,NA,NA,NA,NA,NA,NA,NA,NA,NA,NA,NA,NA,NA,NA,NA,NA,NA,NA,NA
"23_43.0",35.052,35.4076,35.7632,36.1188,36.4744,36.83,37.1856,37.5412,37.8968,38.2524,38.608,NA,NA,NA,NA,NA,NA,NA,NA,NA,NA,NA,NA,NA,NA,NA,NA,NA,NA,NA,NA,NA
"23_44.0",18.796,18.6944,18.5928,18.4912,18.3896,18.288,18.3388,18.3896,18.4404,18.4912,18.542,NA,NA,NA,NA,NA,NA,NA,NA,NA,NA,NA,NA,NA,NA,NA,NA,NA,NA,NA,NA,NA
"23_45.0",18.796,18.9992,19.2024,19.4056,19.6088,19.812,19.8628,19.9136,19.9644,20.0152,20.066,NA,NA,NA,NA,NA,NA,NA,NA,NA,NA,NA,NA,NA,NA,NA,NA,NA,NA,NA,NA,NA
"23_46.0",26.67,26.8224,26.9748,27.1272,27.2796,27.432,27.686,27.94,28.194,28.448,28.702,NA,NA,NA,NA,NA,NA,NA,NA,NA,NA,NA,NA,NA,NA,NA,NA,NA,NA,NA,NA,NA
"23_47.0",40.894,41.3512,41.8084,42.2656,42.7228,43.18,43.5356,43.8912,44.2468,44.6024,44.958,NA,NA,NA,NA,NA,NA,NA,NA,NA,NA,NA,NA,NA,NA,NA,NA,NA,NA,NA,NA,NA
"23_49.0",25.654,25.7556,25.8572,25.9588,26.0604,26.162,26.2128,26.2636,26.3144,26.3652,26.416,NA,NA,NA,NA,NA,NA,NA,NA,NA,NA,NA,NA,NA,NA,NA,NA,NA,NA,NA,NA,NA
"23_50.0",33.528,33.9852,34.4424,34.8996,35.3568,35.814,36.1188,36.4236,36.7284,37.0332,37.338,NA,NA,NA,NA,NA,NA,NA,NA,NA,NA,NA,NA,NA,NA,NA,NA,NA,NA,NA,NA,NA
"23_51.0",23.114,23.3172,23.5204,23.7236,23.9268,24.13,24.3332,24.5364,24.7396,24.9428,25.146,NA,NA,NA,NA,NA,NA,NA,NA,NA,NA,NA,NA,NA,NA,NA,NA,NA,NA,NA,NA,NA
"23_53.0",21.59,21.9456,22.3012,22.6568,23.0124,23.368,23.6728,23.9776,24.2824,24.5872,24.892,NA,NA,NA,NA,NA,NA,NA,NA,NA,NA,NA,NA,NA,NA,NA,NA,NA,NA,NA,NA,NA
"23_54.0",16.002,16.1544,16.3068,16.4592,16.6116,16.764,16.9672,17.1704,17.3736,17.5768,17.78,NA,NA,NA,NA,NA,NA,NA,NA,NA,NA,NA,NA,NA,NA,NA,NA,NA,NA,NA,NA,NA
"23_55.0",34.29,34.798,35.306,35.814,36.322,36.83,37.3888,37.9476,38.5064,39.0652,39.624,NA,NA,NA,NA,NA,NA,NA,NA,NA,NA,NA,NA,NA,NA,NA,NA,NA,NA,NA,NA,NA
"23_70.0",27.432,27.6352,27.8384,28.0416,28.2448,28.448,28.956,29.464,29.972,30.48,30.988,NA,NA,NA,NA,NA,NA,NA,NA,NA,NA,NA,NA,NA,NA,NA,NA,NA,NA,NA,NA,NA
"23_72.0",NA,NA,NA,NA,NA,32.766,33.0708,33.3756,33.6804,33.9852,34.29,NA,NA,NA,NA,NA,NA,NA,NA,NA,NA,NA,NA,NA,NA,NA,NA,NA,NA,NA,NA,NA
"23_73.0",NA,NA,NA,NA,NA,22.86,23.0124,23.1648,23.3172,23.4696,23.622,NA,NA,NA,NA,NA,NA,NA,NA,NA,NA,NA,NA,NA,NA,NA,NA,NA,NA,NA,NA,NA
"23_94.0",37.592,37.338,37.084,36.83,36.576,36.322,NA,NA,NA,NA,NA,NA,NA,NA,NA,NA,NA,NA,NA,NA,NA,NA,NA,NA,NA,NA,NA,NA,NA,NA,NA,NA
"47_169.0",NA,NA,NA,NA,NA,44.704,45.6184,46.5328,47.4472,48.3616,49.276,50.1396,51.0032,51.8668,52.7304,53.594,NA,NA,NA,NA,NA,NA,NA,NA,NA,NA,NA,NA,NA,NA,NA,NA
"47_27.0",NA,NA,NA,NA,NA,NA,NA,NA,NA,NA,53.086,53.6448,54.2036,54.7624,55.3212,55.88,NA,NA,NA,NA,NA,NA,NA,NA,NA,NA,NA,NA,NA,NA,NA,NA
"47_51.0",NA,NA,NA,NA,NA,83.82,84.4804,85.1408,85.8012,86.4616,87.122,87.7316,88.3412,88.9508,89.5604,90.17,NA,NA,NA,NA,NA,NA,NA,NA,NA,NA,NA,NA,NA,NA,NA,NA
"47_524.0",NA,NA,NA,NA,NA,NA,NA,NA,NA,NA,53.34,54.2036,55.0672,55.9308,56.7944,57.658,NA,NA,NA,NA,NA,NA,NA,NA,NA,NA,NA,NA,NA,NA,NA,NA
"47_525.0",NA,NA,NA,NA,NA,58.166,58.8264,59.4868,60.1472,60.8076,61.468,61.976,62.484,62.992,63.5,64.008,NA,NA,NA,NA,NA,NA,NA,NA,NA,NA,NA,NA,NA,NA,NA,NA
"47_578.0",NA,NA,NA,NA,NA,35.306,36.1188,36.9316,37.7444,38.5572,39.37,39.878,40.386,40.894,41.402,41.91,NA,NA,NA,NA,NA,NA,NA,NA,NA,NA,NA,NA,NA,NA,NA,NA
"47_582.0",NA,NA,NA,NA,NA,84.582,85.1408,85.6996,86.2584,86.8172,87.376,87.9856,88.5952,89.2048,89.8144,90.424,NA,NA,NA,NA,NA,NA,NA,NA,NA,NA,NA,NA,NA,NA,NA,NA
"47_588.0",NA,NA,NA,NA,NA,97.536,98.1456,98.7552,99.3648,99.9744,100.584,101.2952,102.0064,102.7176,103.4288,104.14,NA,NA,NA,NA,NA,NA,NA,NA,NA,NA,NA,NA,NA,NA,NA,NA
"47_68.0",NA,NA,NA,NA,NA,62.738,63.3984,64.0588,64.7192,65.3796,66.04,66.5988,67.1576,67.7164,68.2752,68.834,NA,NA,NA,NA,NA,NA,NA,NA,NA,NA,NA,NA,NA,NA,NA,NA
"47_80.0",NA,NA,NA,NA,NA,64.516,65.2272,65.9384,66.6496,67.3608,68.072,68.6816,69.2912,69.9008,70.5104,71.12,NA,NA,NA,NA,NA,NA,NA,NA,NA,NA,NA,NA,NA,NA,NA,NA
"64_2.0",119.888,119.634,119.38,119.126,118.872,118.618,118.9228,119.2276,119.5324,119.8372,120.142,NA,NA,NA,NA,NA,NA,NA,NA,NA,NA,NA,NA,NA,NA,NA,NA,NA,NA,NA,NA,NA
"64_20.0",71.628,72.0852,72.5424,72.9996,73.4568,73.914,74.3712,74.8284,75.2856,75.7428,76.2,NA,NA,NA,NA,NA,NA,NA,NA,NA,NA,NA,NA,NA,NA,NA,NA,NA,NA,NA,NA,NA
"64_21.0",64.77,64.9732,65.1764,65.3796,65.5828,65.786,66.8528,67.9196,68.9864,70.0532,71.12,NA,NA,NA,NA,NA,NA,NA,NA,NA,NA,NA,NA,NA,NA,NA,NA,NA,NA,NA,NA,NA
"64_411.0",69.596,70.1548,70.7136,71.2724,71.8312,72.39,73.2028,74.0156,74.8284,75.6412,76.454,NA,NA,NA,NA,NA,NA,NA,NA,NA,NA,NA,NA,NA,NA,NA,NA,NA,NA,NA,NA,NA
"64_53.0",NA,NA,NA,NA,NA,82.804,83.82,84.836,85.852,86.868,87.884,NA,NA,NA,NA,NA,NA,NA,NA,NA,NA,NA,NA,NA,NA,NA,NA,NA,NA,NA,NA,NA
"64_60.0",135.89,135.128,134.366,133.604,132.842,132.08,131.7244,131.3688,131.0132,130.6576,130.302,NA,NA,NA,NA,NA,NA,NA,NA,NA,NA,NA,NA,NA,NA,NA,NA,NA,NA,NA,NA,NA
"64_62.0",78.994,79.8068,80.6196,81.4324,82.2452,83.058,83.5152,83.9724,84.4296,84.8868,85.344,NA,NA,NA,NA,NA,NA,NA,NA,NA,NA,NA,NA,NA,NA,NA,NA,NA,NA,NA,NA,NA
"64_64.0",98.552,99.2124,99.8728,100.5332,101.1936,101.854,102.362,102.87,103.378,103.886,104.394,NA,NA,NA,NA,NA,NA,NA,NA,NA,NA,NA,NA,NA,NA,NA,NA,NA,NA,NA,NA,NA
"64_66.0",NA,NA,NA,NA,NA,51.054,51.6128,52.1716,52.7304,53.2892,53.848,NA,NA,NA,NA,NA,NA,NA,NA,NA,NA,NA,NA,NA,NA,NA,NA,NA,NA,NA,NA,NA
"64_85.0",19.304,19.5072,19.7104,19.9136,20.1168,20.32,20.2692,20.2184,20.1676,20.1168,20.066,NA,NA,NA,NA,NA,NA,NA,NA,NA,NA,NA,NA,NA,NA,NA,NA,NA,NA,NA,NA,NA
"64_89.0",27.94,28.2956,28.6512,29.0068,29.3624,29.718,30.0736,30.4292,30.7848,31.1404,31.496,NA,NA,NA,NA,NA,NA,NA,NA,NA,NA,NA,NA,NA,NA,NA,NA,NA,NA,NA,NA,NA
"66_469.0",NA,NA,NA,NA,NA,23.114,23.2156,23.3172,23.4188,23.5204,23.622,23.7744,23.9268,24.0792,24.2316,24.384,NA,NA,NA,NA,NA,NA,NA,NA,NA,NA,NA,NA,NA,NA,NA,NA
"66_6.0",NA,NA,NA,NA,NA,NA,NA,NA,NA,NA,102.362,102.9716,103.5812,104.1908,104.8004,105.41,NA,NA,NA,NA,NA,NA,NA,NA,NA,NA,NA,NA,NA,NA,NA,NA
"66_75.0",NA,NA,NA,NA,NA,61.722,62.0268,62.3316,62.6364,62.9412,63.246,63.6524,64.0588,64.4652,64.8716,65.278,NA,NA,NA,NA,NA,NA,NA,NA,NA,NA,NA,NA,NA,NA,NA,NA
"66_76.0",NA,NA,NA,NA,NA,63.754,64.262,64.77,65.278,65.786,66.294,66.5988,66.9036,67.2084,67.5132,67.818,NA,NA,NA,NA,NA,NA,NA,NA,NA,NA,NA,NA,NA,NA,NA,NA
"66_77.0",NA,NA,NA,NA,NA,76.962,77.2668,77.5716,77.8764,78.1812,78.486,78.8416,79.1972,79.5528,79.9084,80.264,NA,NA,NA,NA,NA,NA,NA,NA,NA,NA,NA,NA,NA,NA,NA,NA
"66_78.0",NA,NA,NA,NA,NA,83.82,84.074,84.328,84.582,84.836,85.09,85.1916,85.2932,85.3948,85.4964,85.598,NA,NA,NA,NA,NA,NA,NA,NA,NA,NA,NA,NA,NA,NA,NA,NA
"66_79.0",NA,NA,NA,NA,NA,59.436,59.5376,59.6392,59.7408,59.8424,59.944,60.2488,60.5536,60.8584,61.1632,61.468,NA,NA,NA,NA,NA,NA,NA,NA,NA,NA,NA,NA,NA,NA,NA,NA
"66_80.0",NA,NA,NA,NA,NA,69.088,69.2404,69.3928,69.5452,69.6976,69.85,69.9516,70.0532,70.1548,70.2564,70.358,NA,NA,NA,NA,NA,NA,NA,NA,NA,NA,NA,NA,NA,NA,NA,NA
"66_82.0",NA,NA,NA,NA,NA,49.784,49.9872,50.1904,50.3936,50.5968,50.8,51.0032,51.2064,51.4096,51.6128,51.816,NA,NA,NA,NA,NA,NA,NA,NA,NA,NA,NA,NA,NA,NA,NA,NA
"66_83.0",NA,NA,NA,NA,NA,50.038,50.3428,50.6476,50.9524,51.2572,51.562,51.9684,52.3748,52.7812,53.1876,53.594,NA,NA,NA,NA,NA,NA,NA,NA,NA,NA,NA,NA,NA,NA,NA,NA
"87_108.0",103.886,104.14,104.394,104.648,104.902,105.156,105.8164,106.4768,107.1372,107.7976,108.458,NA,NA,NA,NA,NA,NA,NA,NA,NA,NA,NA,NA,NA,NA,NA,NA,NA,NA,NA,NA,NA
"87_15.0",46.99,46.99,46.99,46.99,46.99,46.99,NA,NA,NA,NA,NA,NA,NA,NA,NA,NA,NA,NA,NA,NA,NA,NA,NA,NA,NA,NA,NA,NA,NA,NA,NA,NA
"87_17.0",NA,NA,NA,NA,NA,57.15,58.0136,58.8772,59.7408,60.6044,61.468,NA,NA,NA,NA,NA,NA,NA,NA,NA,NA,NA,NA,NA,NA,NA,NA,NA,NA,NA,NA,NA
"87_18.0",NA,NA,NA,NA,NA,43.434,44.0944,44.7548,45.4152,46.0756,46.736,NA,NA,NA,NA,NA,NA,NA,NA,NA,NA,NA,NA,NA,NA,NA,NA,NA,NA,NA,NA,NA
"87_22.0",53.086,53.34,53.594,53.848,54.102,54.356,55.0672,55.7784,56.4896,57.2008,57.912,NA,NA,NA,NA,NA,NA,NA,NA,NA,NA,NA,NA,NA,NA,NA,NA,NA,NA,NA,NA,NA
"87_25.0",64.516,64.9732,65.4304,65.8876,66.3448,66.802,67.6656,68.5292,69.3928,70.2564,71.12,NA,NA,NA,NA,NA,NA,NA,NA,NA,NA,NA,NA,NA,NA,NA,NA,NA,NA,NA,NA,NA
"87_423.0",58.166,58.4708,58.7756,59.0804,59.3852,59.69,60.0456,60.4012,60.7568,61.1124,61.468,NA,NA,NA,NA,NA,NA,NA,NA,NA,NA,NA,NA,NA,NA,NA,NA,NA,NA,NA,NA,NA
"87_484.0",42.672,43.2308,43.7896,44.3484,44.9072,45.466,45.974,46.482,46.99,47.498,48.006,NA,NA,NA,NA,NA,NA,NA,NA,NA,NA,NA,NA,NA,NA,NA,NA,NA,NA,NA,NA,NA
"87_60.0",57.404,57.8104,58.2168,58.6232,59.0296,59.436,60.1472,60.8584,61.5696,62.2808,62.992,NA,NA,NA,NA,NA,NA,NA,NA,NA,NA,NA,NA,NA,NA,NA,NA,NA,NA,NA,NA,NA
"87_64.0",67.564,67.818,68.072,68.326,68.58,68.834,69.088,69.342,69.596,69.85,70.104,NA,NA,NA,NA,NA,NA,NA,NA,NA,NA,NA,NA,NA,NA,NA,NA,NA,NA,NA,NA,NA
"87_69.0",46.736,47.7012,48.6664,49.6316,50.5968,51.562,52.0192,52.4764,52.9336,53.3908,53.848,NA,NA,NA,NA,NA,NA,NA,NA,NA,NA,NA,NA,NA,NA,NA,NA,NA,NA,NA,NA,NA
"87_71.0",19.558,19.8628,20.1676,20.4724,20.7772,21.082,21.2852,21.4884,21.6916,21.8948,22.098,NA,NA,NA,NA,NA,NA,NA,NA,NA,NA,NA,NA,NA,NA,NA,NA,NA,NA,NA,NA,NA
"87_72.0",48.768,49.2252,49.6824,50.1396,50.5968,51.054,51.6128,52.1716,52.7304,53.2892,53.848,NA,NA,NA,NA,NA,NA,NA,NA,NA,NA,NA,NA,NA,NA,NA,NA,NA,NA,NA,NA,NA
"87_76.0",63.246,63.3984,63.5508,63.7032,63.8556,64.008,64.5668,65.1256,65.6844,66.2432,66.802,NA,NA,NA,NA,NA,NA,NA,NA,NA,NA,NA,NA,NA,NA,NA,NA,NA,NA,NA,NA,NA
"87_80.0",104.14,103.9876,103.8352,103.6828,103.5304,103.378,103.8352,104.2924,104.7496,105.2068,105.664,NA,NA,NA,NA,NA,NA,NA,NA,NA,NA,NA,NA,NA,NA,NA,NA,NA,NA,NA,NA,NA
"87_81.0",40.386,40.7416,41.0972,41.4528,41.8084,42.164,42.5704,42.9768,43.3832,43.7896,44.196,NA,NA,NA,NA,NA,NA,NA,NA,NA,NA,NA,NA,NA,NA,NA,NA,NA,NA,NA,NA,NA
"87_96.0",17.78,18.034,18.288,18.542,18.796,19.05,19.7104,20.3708,21.0312,21.6916,22.352,NA,NA,NA,NA,NA,NA,NA,NA,NA,NA,NA,NA,NA,NA,NA,NA,NA,NA,NA,NA,NA
"88_42.0",43.434,43.434,43.434,43.434,43.434,43.434,43.942,44.45,44.958,45.466,45.974,NA,NA,NA,NA,NA,NA,NA,NA,NA,NA,NA,NA,NA,NA,NA,NA,NA,NA,NA,NA,NA
"88_69.0",25.908,26.2128,26.5176,26.8224,27.1272,27.432,27.2796,27.1272,26.9748,26.8224,26.67,NA,NA,NA,NA,NA,NA,NA,NA,NA,NA,NA,NA,NA,NA,NA,NA,NA,NA,NA,NA,NA
"88_83.0",48.514,48.6156,48.7172,48.8188,48.9204,49.022,49.5808,50.1396,50.6984,51.2572,51.816,NA,NA,NA,NA,NA,NA,NA,NA,NA,NA,NA,NA,NA,NA,NA,NA,NA,NA,NA,NA,NA
"88_86.0",71.882,72.7964,73.7108,74.6252,75.5396,76.454,77.216,77.978,78.74,79.502,80.264,NA,NA,NA,NA,NA,NA,NA,NA,NA,NA,NA,NA,NA,NA,NA,NA,NA,NA,NA,NA,NA
"88_90.0",79.248,79.2226,79.1972,79.1718,79.1464,79.121,79.0956,79.0702,79.0448,79.0194,78.994,NA,NA,NA,NA,NA,NA,NA,NA,NA,NA,NA,NA,NA,NA,NA,NA,NA,NA,NA,NA,NA
"88_91.0",42.672,43.3324,43.9928,44.6532,45.3136,45.974,46.4312,46.8884,47.3456,47.8028,48.26,NA,NA,NA,NA,NA,NA,NA,NA,NA,NA,NA,NA,NA,NA,NA,NA,NA,NA,NA,NA,NA
"88_92.0",NA,NA,NA,NA,NA,54.356,55.3212,56.2864,57.2516,58.2168,59.182,NA,NA,NA,NA,NA,NA,NA,NA,NA,NA,NA,NA,NA,NA,NA,NA,NA,NA,NA,NA,NA
"88_93.0",NA,NA,NA,NA,NA,18.034,18.3896,18.7452,19.1008,19.4564,19.812,NA,NA,NA,NA,NA,NA,NA,NA,NA,NA,NA,NA,NA,NA,NA,NA,NA,NA,NA,NA,NA
"88_94.0",NA,NA,NA,NA,NA,52.324,53.4416,54.5592,55.6768,56.7944,57.912,NA,NA,NA,NA,NA,NA,NA,NA,NA,NA,NA,NA,NA,NA,NA,NA,NA,NA,NA,NA,NA
"99_194.0",NA,NA,NA,NA,NA,NA,NA,NA,NA,NA,52.324,52.9844,53.6448,54.3052,54.9656,55.626,NA,NA,NA,NA,NA,NA,NA,NA,NA,NA,NA,NA,NA,NA,NA,NA
"99_388.0",NA,NA,NA,NA,NA,NA,NA,NA,NA,NA,27.94,28.5496,29.1592,29.7688,30.3784,30.988,NA,NA,NA,NA,NA,NA,NA,NA,NA,NA,NA,NA,NA,NA,NA,NA
"99_66.0",NA,NA,NA,NA,NA,55.372,55.88,56.388,56.896,57.404,57.912,58.3184,58.7248,59.1312,59.5376,59.944,NA,NA,NA,NA,NA,NA,NA,NA,NA,NA,NA,NA,NA,NA,NA,NA
"99_68.0",NA,NA,NA,NA,NA,44.704,44.9072,45.1104,45.3136,45.5168,45.72,45.9232,46.1264,46.3296,46.5328,46.736,NA,NA,NA,NA,NA,NA,NA,NA,NA,NA,NA,NA,NA,NA,NA,NA
"99_69.0",NA,NA,NA,NA,NA,52.832,53.8988,54.9656,56.0324,57.0992,58.166,59.1312,60.0964,61.0616,62.0268,62.992,NA,NA,NA,NA,NA,NA,NA,NA,NA,NA,NA,NA,NA,NA,NA,NA
"99_70.0",NA,NA,NA,NA,NA,64.008,64.1604,64.3128,64.4652,64.6176,64.77,65.0748,65.3796,65.6844,65.9892,66.294,NA,NA,NA,NA,NA,NA,NA,NA,NA,NA,NA,NA,NA,NA,NA,NA
